LMerr,LMIag,RLMerr,RLMIag,SARMA
0.628,0.01653,0.009977,0.0004909,0.002045
